accepthv,agemax,agemaxu,agemin,ageminu,analdtc,armnum,blind,cntcaddr,cntcdepart,cntceml,cntcfax,cntcnam,cntcorg,cntctel,comptrt1,comptrt2,comptrt3,conceal,control,country,ctdosfrm1,ctdosfrm2,ctdosfrm3,ctdosfrq1,ctdosfrq2,ctdosfrq3,ctdosrgm1,ctdosrgm2,ctdosrgm3,ctdostxt1,ctdostxt2,ctdostxt3,ctdosu1,ctdosu2,ctdosu3,ctfrqtxt1,ctfrqtxt2,ctfrqtxt3,ctroute1,ctroute2,ctroute3,cttrtdur1,cttrtdur2,cttrtdur3,date,design,dose1,dose2,dose3,dose4,dose5,dosfrq1,dosfrq2,dosfrq3,dosfrq4,dosfrq5,dosrgm1,dosrgm2,dosrgm3,dosrgm4,dosrgm5,dostxt1,dostxt2,dostxt3,dostxt4,dostxt5,dosu1,dosu2,dosu3,dosu4,dosu5,dtclodtc,dtlckdtc,ethcappr,excl,fpidtc,frqtxt1,frqtxt2,frqtxt3,frqtxt4,frqtxt5,fuendtc,incl,invaddr,invdept,invfax,invnam,invorg,invtel,irbdtc,jmacctid,jpnpref,othinfo,out1meas,out1tpt,out2meas,out2tot,outprim,outsec,plansub,prtcldtc,ranbloc,random,randynmc,ranstrat,ranu,respubl,route1,route2,route3,route4,route5,sexpop,sitenum,sitetyp,studendtc,studyurl,stustdtc,update_date
,"≦80","14001","≧20","14001",,"1","09001","〒565-8565　大阪府吹田市藤白台5-7-1","治験調整委員会事務局",,,,"国立循環器病センター",,,,,,"08006","JPN",,,,,,,,,,,,,,,,,,,,,,,,,"2017-09-21 16:28:55","単群試験",,,,,,,,,,,,,,,,,,,,,,,,,,,,,"除外基準：
1) 治験責任（分担）医師により本治験への参加が不適当と考えられる患者
2) 臨床的に有意あるいはコントロールされない内分泌、肝、腎、消化管、精神神経疾患等により、アルガトロバンによる抗凝固療法が禁忌と考えられる患者
3) 投与前に凝固時間（aPTT）が基準値と比べ2倍以上を示し、その原因が不明である患者
4) HITとは無関係に血液凝固疾患または出血性素因（血友病、消化性潰瘍、出血性眼疾患等）が認められた患者
5) 腰椎穿刺を7日以内に受けた患者
6) HITとは無関係の動脈瘤、出血性脳卒中の既往のある患者
7)重篤な肝障害のある患者
8)妊婦または妊娠している可能性のある患者
9)授乳中の患者
10)過去30日以内に他の医薬品の治験に参加した患者
11)本薬に対To過敏症の既往歴のある患者
12)シメチジン投与中の患者
13)本治験に既に参加した患者","2005-09",,,,,,,"適格基準： 1) 診断基準に該当または検査所見陽性
①HITの診断基準
　i) ヘパリン投与後、血小板数が投与前値比50％以上減少 or 10万/μL以下
　ii) 他に血小板減少の原因が認められない
② HITTSの診断基準　HITの診断基準を満たし、かつヘパリン投与後に、適切な画像診断（ドプラー、血管造影など）により動脈もしくは静脈に血栓が観察された患者、あるいは心筋梗塞、脳梗塞、肺梗塞その他の血管閉塞症（脈拍触知不能、冷感、四肢のチアノーゼ等）等臨床所見を示す血栓塞栓症を発症している
2) 文書による同意が得られた患者","〒565-8565　大阪府吹田市藤白台5-7-1、国立循環器病センター　治験調整委員会事務局","脳血管内科","06-6872-7486","山本　晴子","国立循環器病センター","06-6833-5012",,"JMA-IIA00001","JP-01, JP-03, JP-13, JP-14, JP-23, JP-24, JP-26, JP-27, JP-28, JP-35, JP-40","【試験IDおよび登録機関】 
ClinicalTrials.govへの登録日：
2005-09-12",,,,,"投与開始37日以内のすべての原因による死亡、四肢切断及び新規血栓症の発生 ","・死亡、四肢切断、新規血栓症それぞれの発生・血小板数の回復・抗凝固療法の達成、・臨床的虚血症状及び徴候、治験薬投与量、薬剤血中濃度、aPTT及びACTの関係","15","2005-04-15",,"13002",,,,"22001",,,,,,"15003","20",,,,,"0000-00-00 00:00:00"
"13002","≦4","14005","制限なし",,,"1","09001","香川県木田郡三木町池戸1750-1","治験事務局","phenobar@kms.ac.jp","087-891-2375",,"香川大学医学部小児科講座","087-891-2345",,,,,"08006","JPN",,,,,,,,,,,,,,,,,,,,,,,,,"2017-09-21 16:28:55","単群試験",,,,,,"18002",,,,,"20 mg/kgで初回投与後、2.5 - 5 mg/kg/dayで維持投与",,,,,,,,,,,,,,,,,,"1)フェノバルビタール又はバルビツール酸系化合物に対して過敏症の患者
2)急性間欠性ポルフィリン症の患者
3)抗けいれん薬又はバルビツール酸系製剤が既に投与されている患者
4)分娩外傷以外の明らかな外傷のある患者
5)脳低温療法を受けている患者
6)同意取得時に、他の治験に参加している患者
7)治験責任医師又は治験分担医師が本治験への参加が不適当と判断To患者","2006-03-24",,,,,,"2007-03-31","1)新生児けいれんを疑わせる異常な動きが認められる患者
2)新生児仮死の患者（生後5分のApgar scoreが5点未満で、入院時の塩基欠乏が10mmol/L以上の患者）
3)分娩外傷の患者
4)中枢神経系感染症又は中枢神経系の奇形の患者
5)低血糖、電解質異常で新生児けいれんを疑わせる異常な動きが認められる患者","香川県木田郡三木町池戸1750-1","小児科講座","087-891-2171","伊藤　進 ","香川大学医学部附属病院","087-898-5111","2005-06-22","JMA-IIA00002","JP-13, JP-14, JP-27, JP-33, JP-37, JP-43","【介入の内容】
剤型：凍結乾燥製剤

【試験スケジュール】
解析終了日（予定日）：2007年",,,,,"「著効」と評価された例数より著効率を算出To。 「著効」：新生児けいれんが消失「有効」：新生児けいれんが消失はしないが、程度又は頻度が約半分に改善。「無効」：新生児けいれんが消失せず、程度又は頻度も約半分に改善しない。 初回投与30分（±5分）、Add to投与(Ⅰ)終了後30分（±5分）後のけいれんの有無を評価。","・動画判定委員会による判定と観察者判断の一致度を評価。
・初回投与後1時間（±10分）、Add to投与（Ⅰ）投与後１時間（±10分）のけいれんの有無を評価。","30","2005-11-02",,"13002",,"13002",,"22001","24043",,,,,"15003","8",,"2007-07-06",,"2005-11","0000-00-00 00:00:00"
,"<75","14001","≧12","14001",,"1","09001","〒104-0045 東京都中央区築地5-1-1","イマチニブ事務局　乳腺・腫瘍内科",,,"安藤正志","国立がんセンター中央病院",,,,,,"08006","JPN",,,,,,,,,,,,,,,,,,,,,,,,,"2017-09-21 16:28:55","単群試験","600",,,,,"18002",,,,,,,,,,"600 mg once a day",,,,,"mg",,,,,,,"21001","1) コントロール不能な活動性の感染症がある症例
2) 妊娠又は授乳中の症例 
3)臨床症状のある脳転移がある症例","2005-03",,,,,,"2007-09","1) 病理組織学的に確定診断のついた転移性、または完全切除不能の局所進行性の肉腫患者（GISTは除く）
2) 免疫組織化学染色によりc-kit（CD117）およびPDGFR陽性がconfirmationされた腫瘍 
3) 腫瘍の組織ブロックが採取され、c-kitおよびPDGFR発現の検討に利用可能な症例　
4) 標準治療による治療中又は治療後に再燃、再発を来たした患者（類上皮肉腫、胞巣状南部肉腫に限っては先行治療が施されていない新規発症患者も適格である） 
5) 少なくとも1個以上の測定可能病変を有To症例 
6) 年齢12歳以上75歳未満 
7） Performance Status(ECOG基準)で0,1,2 
8) 少なくとも3ヶ月以上の余命が見込まれる症例
9) 適切な臓器機能を有To症例 
10) 先行治療（補助療法を含む）について以下の条件のを満たす症例 
①化学療法最終投与日より28日以上経過 
②治療開始時に外用薬を除く副腎皮質ステロイド剤の投与を中止できる 
③登録時に最終放射線治療終了後14日経過 
④登録時に最終免疫療法治療後14日以上 
11) 治療に先立って書面による説明同意が取得されている症例
","〒104-0045 東京都中央区築地5-1-1","通院治療センター　医長，治験管理室　室長，乳腺腫瘍内科グループ長",,"藤原康弘","国立がんセンター中央病院",,,"JMA-IIA00003","JP-12, JP-13, JP-14, JP-15, JP-23, JP-33, JP-40",,,,,,"イマチニブ600㎎服用時の腫瘍縮小効果（奏効率）","1) 増量例における腫瘍縮小効果（奏効率）
2) 有害事象の発生頻度及び程度
3) 無増悪生存期間 
4) 腫瘍縮小効果と遺伝子発現解析の相関 
5) 青年期症例における薬物動態","40","2004-11-01",,"13002",,,,"22001","24001",,,,,"15003","9","19002","2007-03",,,"0000-00-00 00:00:00"
,"<18","14001","≧2","14001",,"1","09001","〒104-0045 東京都中央区築地5-1-1","小児腫瘍科","amakimot@ncc.go.jp","03-3542-3815","牧本敦","国立がん研究センター中央病院","03-3542-2511",,,,,"08006","JPN",,,,,,,,,,,,,,,,,,,,,,,,,"2017-09-21 16:28:55","単群試験",,,,,,"18017",,,,,"第Ⅰ相試験：レベル1（40㎎/㎡/日）～レベル5（60㎎/㎡/日）。1レベル3～6症例で評価し、DLTが発現した薬剤投与レベルをMTDとして、MTDより一段下の薬剤投与レベルを推奨用量と決定To。

第Ⅱ相試験：第Ⅰ相試験で決定した推奨用量を1時間で点滴静注、day1.2.3およびday8.9.10に投与。 1コースを21日間とし「プロトコール治療中止規準」に抵触しない限り、最長8コースまで投与を",,,,,"40 - 60",,,,,"mg/m2",,,,,,,,"1)　本治験の登録前7日以内に輸血、血液製剤およびG-CSF等の造血因子製剤の投与を受けている症例
2)　無治療かつ無病期間が5年未満の異時性または活動性の重複癌症例
3)　症状を有To中枢神経への転移症例、または、原発性中枢神経腫瘍症例
4)　下記のような重篤な合併症を有To症例
　　①感染症、下痢（水Mr.便）、腸閉塞、腸管麻痺のある症例
　　②治療を要To癌性体腔液（胸水・腹水・心嚢水）を有To症例
　　③間質性肺炎または肺線維症のある症例
　　④心疾患のある症例
　　⑤その他、治験施行に重大な支障を来たすと判断される合併症を有To症例
5)　妊婦、授乳婦、妊娠している可能性またはその意思のある症例
6)　過去に重篤な薬物アレルギーを経験したことのある症例
7)　過去にCPT-11の投与を受けたことにある症例
8)　その他、治験責任医師/治験分担医師が本治験の対象として不適当と判断した症例。","2006-01","1日1回、第1,2,3および8,9,10日、21日周期",,,,,"2008-06","1)　初発時に、組織学的又は細胞学的に対象疾患の確定診断が得られている症例
2)　登録時、2歳以上18歳未満の症例
3)　標準的な化学療法による再発・再燃例もしくは不応例、または毒性等の理由により標準的な化学療法が継続不可能な例。
4)　計測可能な腫瘍病変（RECISTにおける標的病変）がある症例（登録前21日以内）
5)　登録時に先行To化学療法、放射線治療等の最終治療日から28日間以上経過している症例
6)　少なくとも3ヶ月以上生存が可能と予測される症例
7)　Performance Status(Karnofsky/Lansky)が50ポイント以上の症例
8)　主要臓器の高度の機能障害のない症例
9)　少なくとも1コース目は、入院での治療が可能な症例
10)　本治験について代諾者から文書による同意が得られている症例","〒104-0045 東京都中央区築地5-1-1","小児科",,"牧本敦","国立がんセンター中央病院",,,"JMA-IIA00004","JP-13, JP-22, JP-25, JP-40",,,,,,"第1相：用量規制毒性、奏効率（第II相部分に含めて算出）

第2相：奏効率（第I相部分と合わせて算出）","Progression-free survival、生存期間（中央値、一年生存率）、副作用の発現率、有害事象の発現率、各々の重症度、回復性、用量相関性、Dose intensity、薬物動態","30","2005-09-12",,"13002",,,,"22001","24042",,,,,"15003","7","19002","2009-04-02",,,"0000-00-00 00:00:00"
,"≦6","14001","≧0","14001",,"1","09001","〒157-8535　東京都世田谷区大蔵2-10-1","治験管理室","kuriyama-t@ncchd.go.jp","03-3417-5691","栗山　猛","国立成育医療センター","03-5494-7120",,,,,"08006","JPN",,,,,,,,,,,,,,,,,,,,,,,,,"2017-09-21 16:28:55","単群試験",,,,,,,,,,,,,,,,,,,,,,,,,,"2006-04",,,"1．外来麻酔の患者
2．硬膜外麻酔を行う患者
3．術前から挿管されている患者
4．術前からモルヒネ、クエン酸フェンタニルなどの麻薬の投与を受けている患者
5．先天性心疾患、横隔膜ヘルニアなどで、循環動態が不安定な患者
6．長期（24時間以上）の呼吸管理が必要、又は術後に麻薬系鎮痛薬や鎮静薬の投与が必要と予測される患者
7．臨床検査、他覚所見などから、手術の対象となる疾患（例:虫垂炎）以外の合併感染症が疑われる患者
8．高度な肝機能障害、又は腎機能障害のある患者
9．本剤の成分、又は他の医薬品に対して過敏反応の既往がある患者
10．リトナビルの投与を受けている、あるいは受けていた患者
11．6ヶ月以内に他の治験薬、未承認のワクチン及び未承認の医療機器を使用した、あるいは治験期間中に使用予定である患者
12．本治験に参加したことのある患者
13．心理的、家庭的、社会的要因などにより治験責任医師又は治験分担医師（以下「治験責任医師等」という）が治験への参加が不適切であると判断した患者
14．その他、治験責任医師等が本治験への参加が不適切であると判断した患者","2005-02",,,,,,"2005-12","1．入院患者で、挿管、呼吸管理、全身麻酔のもとに手術もしくは処置を受ける症例のうち、麻薬系鎮痛･鎮静薬の補助的投与が必要となる患者。
2．6歳以下（7歳未満）の症例（同意取得時）
3．同意：代諾者（保護者）から文書による承諾（インフォームドコンセント）が得られた児。","〒157-8535　東京都世田谷区大蔵2-10-1","治験管理室　室長",,"中村秀文","国立成育医療センター",,,"JMA-IIA00006","JP-13, JP-14, JP-27, JP-28, JP-33","審査報告書
http://www.pmda.go.jp/drugs/2007/P200700078/43057300_21800AMX10188000_A100_2.pdf

【一般問合せ先】
内線番号：5371、5372、5373",,,,,"挿管後のクエン酸フェンタニル初回投与後の最初の外科・処置侵襲開始後20分以内の最大変動を示す収縮期血圧、脈拍数（心拍数）を指標とした医師の総合判定（有効又は無効）","挿管後のクエン酸フェンタニル初回投与後の最初の外科・処置侵襲開始後20分以内の最大収縮期血圧、脈拍数（心拍数）の変動率からの判定 ","120","2004-09-03",,"13002",,,,"22001",,,,,,"15003","6",,"2006-05","http://www.ncchd.go.jp/hospital/section/clinical-trial/index.html",,"0000-00-00 00:00:00"
"13001","<65","14001","≧20","14001",,"2","09003","〒113-8621　東京都文京区本駒込2-28-8　文京グリーンコート17階","治験調整医師事務局/社団法人日本医師会 治験促進センター内","KIB-PIA_p@jmacct.med.or.jp","03-5319-3790",,"独立行政法人国立病院機構三重病院","03-5319-3781",,,,,"08005","JPN",,,,,,,,,,,,,,,,,,,,,,,,,"2017-09-21 16:28:55","並行群間試験","15","5",,,,,,,,,,,,,,,,,,,"mcg/0.5 mL","mcg/0.5 mL",,,,,,,"1) 明らかにH5型インフルエンザの既往のある者（被験者からの聴取による）
2) H5型インフルエンザワクチンの接種歴のある者（被験者からの聴取による）
3) 食物や医薬品等によって、過去にアナフィラキシーを呈したことがあることが明らかな者
4) 重篤な心臓・血管系、血液系、呼吸器系、肝臓、腎臓、消化器系、神経精神疾患の現病歴のある者
5) 過去にギラン・バレー症候群や急性散在性脳脊髄炎の既往のある者
6) 本治験開始前4ヶ月以内（接種日より計算）に、他の治験に参加し投与を受けた者
7) 本治験開始前27日以内に生ワクチン、または6日以内（以上、接種日より計算）に不活化ワクチン（インフルエンザワクチンHAワクチンを除く）・トキソイドの投与を受けた者
8) インフルエンザHAワクチンを4ヶ月以内に受けた者
9) 本治験開始前3ヶ月以内に輸血又はガンマグロブリン製剤の投与を受けた者、または6ヶ月以内（以上、接種日より計算）にガンマグロブリン製剤の大量療法（200 mg/kg以上）を受けた者
10) 妊娠中の女性あるいは妊娠の疑いのある女性
11) その他、治験責任／分担医師が本治験の被験者として不適当と判断した者","2006-09",,,,,,"2006-10","文書による同意が得られ、治験参加中の遵守事項を守り、本治験実施計画書に定められた診察、検査を受け、症状などの申告ができる者","〒514-0125　三重県津市大里窪田町357番地"," name誉院長","059-232-5994","神谷　齊","独立行政法人国立病院機構三重病院","059-232-2531",,"JMA-IIA00007","JP-23, JP-24","新薬の承認審査に関To情報
http://www.info.pmda.go.jp/shinyaku/g071016/index.html
",,,,,"1) H5抗原に対ToHI抗体価
2) H5N1型インフルエンザウイルスに対To中和抗体価
3) 治験薬1回目接種（Day 0）後から事後検査日までに発現した有害事象及び副反応の種類、程度、持続期間及び発現率の検討","5μgと15μgの抗体反応性の評価","300","2006-08","13002","13001","13002","13002","10001","22001",,,,,,"15003","9","19003",,,,"0000-00-00 00:00:00"
,"<65","14001","≧20","14001",,"2","09003","〒113-8621　東京都文京区本駒込2-28-8　文京グリーンコート17階","治験調整医師事務局/社団法人日本医師会 治験促進センター内","BK-PIFA_p@jmacct.med.or.jp","03-5319-3790",,"独立行政法人国立病院機構三重病院","03-5319-3781",,,,,"08005","JPN",,,,,,,,,,,,,,,,,,,,,,,,,"2017-09-21 16:28:55","並行群間試験","15","5",,,,,,,,,,,,,,,,,,,"mcg/0.5mL","mcg/0.5mL",,,,,,,"1) 明らかにH5型インフルエンザの既往のある者（被験者からの聴取による）
2) H5型インフルエンザワクチンの接種歴のある者（被験者からの聴取による）
3) 食物や医薬品等によって、過去にアナフィラキシーを呈したことがあることが明らかな者
4) 重篤な心臓・血管系、血液系、呼吸器系、肝臓、腎臓、消化器系、神経精神疾患の現病歴のある者
5) 過去にギラン・バレー症候群や急性散在性脳脊髄炎の既往のある者
6) 本治験開始前4ヶ月以内（接種日より計算）に、他の治験に参加し投与を受けた者
7) 本治験開始前27日以内に生ワクチン、または6日以内（以上、接種日より計算）に不活化ワクチン（インフルエンザワクチンHAワクチンを除く）・トキソイドの投与を受けた者
8) インフルエンザHAワクチンを4ヶ月以内に受けた者
9) 本治験開始前3ヶ月以内に輸血又はガンマグロブリン製剤の投与を受けた者、または6ヶ月以内（以上、接種日より計算）にガンマグロブリン製剤の大量療法（200 mg/kg以上）を受けた者
10) 妊娠中の女性あるいは妊娠の疑いのある女性
11) その他、治験責任／分担医師が本治験の被験者として不適当と判断した者","2006-09",,,,,,"2006-10","文書による同意が得られ、治験参加中の遵守事項を守り、本治験実施計画書に定められた診察、検査を受け、症状などの申告ができる者","〒514-0125　三重県津市大里窪田町357番地"," name誉院長","059-232-5994","神谷　齊","独立行政法人国立病院機構三重病院","059-232-2531",,"JMA-IIA00008","JP-04, JP-13, JP-14, JP-26, JP-27, JP-40, JP-42, JP-43","新薬の承認審査に関To情報
http://www.info.pmda.go.jp/shinyaku/g071017/index.html
",,,,,"健康成人志願者を対象として、皮下接種におけるBK-PIFAの免疫原性及び安全性を検討To。",,"300","2006-08","13001","13001","13002","13002","10001","22001",,,,,,"15003","9","19003",,,,"0000-00-00 00:00:00"
,"<70","14001","≧30","14001","2009-04","2","09002"," name古屋市昭和区鶴舞町65","神経内科","sbma@med.nagoya-u.ac.jp","052-735-9723","坂野晴彦"," name古屋大学大学院医学系研究科","052-744-2390","プラセボ",,,,"08001","JPN","12017",,,,,,,,,,,,,,,,,,"24049",,,,,,"2017-09-21 16:28:55","並行群間比較試験","11.25",,,,,"18017",,,,,,,,,,,,,,,"mg",,,,,"2009-01",,"21001","（1） 同意取得前12ヵ月(48週間)以内に、LH-RHアゴニスト、テストステロン製剤、5α還元酵素阻害薬、抗アンドロゲン製剤もしくはエストロゲン製剤を投与された患者
（2） 同意取得前、合計12ヵ月(48週間)以上の期間にわたり、LH-RHアゴニストを投与された患者
（3） 血清テストステロンの低下を引き起こす外科的治療（去勢術など）を行った患者
（4） 陰嚢皮膚生検の実施が困難と考えられる（例えば、陰嚢皮膚疾患を有To、易出血性を有To、キシロカインアレルギーを有To）患者
（5） 嚥下造影試験の実施が困難と考えられる（例えば、誤嚥性肺炎を繰り返すような高度の球麻痺を有To、球麻痺ないし仮性球麻痺を伴う他の神経疾患を有To、硫酸バリウムアレルギーを有To）患者
（6） 精神疾患簡易構造化面接法（M.I.N.I. 日本語版5.0.0　大うつ病エピソード）によりうつ病の疑いがあると診断される患者
（7） 重篤な合併症を有To患者
（8） 同意取得前1ヶ月以内に狭心症ないし心筋梗塞があった患者
（9） 脈拍＞120拍／分、収縮期血圧＞180 mmHg、拡張期血圧＞100mmHgのいずれか1つ以上が当てはまる患者
（10） 酢酸リュープロレリン又は合成LH-RH、LH-RH誘導体に対して、過敏症の既往歴のある患者
（11） 同意取得前12週間以内に他の治験又は臨床試験に参加していた患者（12） その他、治験責任医師又は治験分担医師が本試験を実施Toのに不適当と認めた患者","2006-09-13","12週毎",,,,,"2008-03","（1） 下位運動ニューロン障害に起因To下記臨床症状のいずれか１つ以上を有し、遺伝子検査により確定診断されている、もしくは遺伝子診断は未施行だが臨床的にSBMAと診断されている患者（男性）
① 四肢筋力低下② 四肢筋萎縮③ 球麻痺 ④ 手指振戦
（2） スクリーニング検査（遺伝子検査）においてアンドロゲン受容体遺伝子のCAGリピート数が38以上の患者
（3） 同意取得時の年齢が30歳以上70歳未満の患者
（4） 挙児hopeのない患者
（5） スクリーニング検査において、肝機能及び腎機能が以下の基準を満たす患者。
・AST（GOT）≦4.0×施設内基準値上限・ALT（GPT）≦4.0×施設内基準値上限・クレアチニン＜1.5×施設内基準値上限
（6） 他人の介助なく6分間の立位保持が可能な患者（ただし、補助具の使用は問わない）
（7） 治験薬投与開始時（0週後）、24週後、48週後（終了時）又は中止時に入院検査の実施が可能な患者
（8） 外来通院が可能な患者
（9） 本人により文書にてインフォームド・コンセントが得られた患者"," name古屋市昭和区鶴舞町65","神経内科","052-744-2384","祖父江　元"," name古屋大学大学院医学系研究科","052-744-2385","2006-06","JMA-IIA00009","JP-01, JP-04, JP-09, JP-12, JP-13, JP-14, JP-15, JP-22, JP-23, JP-28, JP-31, JP-42, JP-43",,"専門家による中央判定","0,24,48週",,"血液検査は12週毎。他は24週毎。","嚥下機能障害の評価（咽頭部バリウム残留率）","陰嚢皮膚の抗ポリグルタミン抗体陽性細胞数の割合、血清CK、嚥下機能指標の評価〔咽頭期移行時間(STD)、食道入口部開大時間（DOOUES）及び喉頭挙上保持時間〕運動機能指標の評価〔日本版ALSFRS-R 、QMG Score及6-minute walk〕QOLの評価〔日本語版ALSAQ-5〕","170","2006-06-19","13002","13001","13001","13001","10001","22001","24049",,,,,"15001","14","19002","2009-03",,"2005-09","0000-00-00 00:00:00"
"13002","≦75","14001","≧20","14001",,"1","09001","〒277-8577　千葉県柏市柏の葉6-5-1","頭頸部内科","matahara@east.ncc.go.jp","04-7134-3708","田原　信","国立がん研究センター東病院","04-7133-1111",,,,,"08004","JPN",,,,,,,,,,,,,,,,,,,,,,,,,"2017-09-21 16:28:55","単群試験",,,,,,,,,,,"S-1とCDDPを同時併用To化学放射線療法","S-1とCDDPを同時併用To化学放射線療法",,,,,,,,,,,,,,,,"21001","1） 活動性の重複がん
2） フェニトインまたはワルファリンカリウムを常用している
3） 妊娠中、妊娠中の可能性がある、または授乳中の女性
4） 精神病または精神症状を合併しており、試験への参加が困難と判断される
5） ステロイド剤の継続的な全身投与を受けている
6） 血清HBs抗原が陽性である
7） インスリンの継続的使用により治療中、またはコントロール不良の糖尿病を合併している
8） コントロール不良の高血圧を合併している
9） 心筋梗塞の既往、または不安定狭心症を有To
10） 間質性肺炎、肺線維症、高度の肺気腫、心不全を合併している
11） 活動性の細菌および真菌感染症を有To","2007-05-08",,,,,,"2013-06-30","1） 組織学的に扁平上皮癌、腺癌または腺扁平上皮癌と診断されている
2） 腫瘍が胸部食道（Te）に限局Toことが、食道造影にてconfirmationされている。
3） TNM分類にて臨床病期(c-stage) IIまたはT4を除くIIIである
4） 20歳以上、70歳以下である
5） PS(ECOG)が0または1である
6） 測定可能病変の有無は問わない
7） 食道癌に対To治療の既往がない
8） 他の悪性腫瘍に対To放射線治療、化学療法の既往がない
9） 十分な水分摂取が可能と判断される
10） 両側反回神経麻痺がない
11） 臓器機能が保たれている
12） 標準治療である食道切除術をhopeしない
13） 試験参加について患者本人から文書で同意が得られている","〒277-8577　千葉県柏市柏の葉6-5-1","臨床開発センター",,"大津　敦","国立がん研究センター東病院","04-7133-1111","2007-02-26","JMA-IIA00010","JP-12, JP-13, JP-22, JP-23","【その他の試験ID／発行機関】
登録日：2007-05-08",,,,,"DLT発生割合/CR割合","有害事象、全生存期間、無増悪生存期間","81","2007-02-07",,"13002",,,,"22001","24001","24042",,,,"15003","5","19002",,"http://www.jcog.jp/","2007-05-08","0000-00-00 00:00:00"
"13002","<75","14001","≧16","14001",,"2",,"郵便番号113-8519 東京都文京区湯島1-5-45","膠原病･リウマチ内科","imppact.rheu@tmd.ac.jp","03-5803-4819","高田和生","東京医科歯科大学医学部附属病院","03-5803-4818",,,,,"08004","JPN",,,,,,,,,,,,,,,,,,,,,,,,,"2017-09-21 16:28:55","非並行群間比較",,,,,,"18003",,,,,"基準開始用量として0.075mg/kg/日を1日2回に分けて投与Toこととし、臨床反応・忍容性に応じて最大投与量0.3mg/kg/日、全血トラフ濃度5～10ng/mLの範囲で、投与量調節を可とTo。",,,,,"0.0375-0.15",,,,,"mg/kg",,,,,,,"21001","介入群
除外基準
(1)	治験薬投与開始前4週（28日）以内にプレドニゾロン換算で0.6mg/kg/日以上の副腎皮質ステロイド薬が8日以上投与された
(2)	治験薬投与開始前12週（84日）以内に副腎皮質ステロイド薬以外の免疫抑制薬が投与された
(3)	薬剤性間質性肺炎（抗生剤、漢方薬、抗癌剤、メトトレキサートなど）、塵肺（アスベスト、珪肺など）、過敏性肺炎（夏型、鳥飼病など）、放射性肺炎を、臨床的に否定・除外できない
(4)	%VC<45、%DLCO<30、または肺高分解能CTにおいて蜂巣肺のみを呈To
(5)	膵炎を合併To
(6)	糖尿病を合併To（ただし、その原因が副腎皮質ステロイド薬によると考察され、コントロール良好（HbA1cが6.5%未満）である場合を除く）
(7)	血清クレアチニン値が1.5mg/dL以上
(8)	肝機能障害（AST(GOT)またはALT(GPT)が測定機関の基準範囲上限の2.5倍以上）を有To（ただし、その原因が筋炎によると考察され、筋逸脱酵素値の上昇も認められる場合を除く）
(9)	高カリウム血症（血清カリウム値が測定機関の基準範囲上限を超える）を有To
(10)	虚血性心疾患、加療を要To不整脈、心不全の合併およびその既往、加療を要To肺高血圧症を有To
(11)	悪性腫瘍の合併およびその既往を有To（ただし、5年以上治療が行われず、再発が認められない症例を除く）
(12)	重篤な感染症を有To
(13)	治験薬投与開始前4週（28日）以内の検査で抗HIV抗体、HBs抗原または抗HCV抗体が陽性となった
(14)	重篤な薬剤過敏症の既往を有To
(15)	妊娠あるいは授乳中である、治験期間中に妊娠をhopeTo、または治験期間中に配偶者の妊娠をhopeTo
(16)	過去26週（182日）以内に治験または製造販売後臨床試験に参加した経験がある
(17)	その他、治験責任医師または治験分担医師が本治験に組入れることを、医学的根拠から不適当と判断To

既存対照群
除外基準
(1)	選択基準（4）該当副腎皮質ステロイド薬投与開始前12週（84日）および開始後2週（14日）以内に副腎皮質ステロイド薬以外の免疫抑制薬が投与された
(2)	薬剤性間質性肺炎（抗生剤、漢方薬、抗癌剤、メトトレキサートなど）、塵肺（アスベスト、珪肺など）、過敏性肺炎（夏型、鳥飼病など）、放射性肺炎を、臨床的に否定・除外できない
(3)	選択基準（4）該当副腎皮質ステロイド薬投与開始前12週（84日）以内または開始後2週（14日）以内に行われた呼吸機能検査において（行われた場合のみ）、%VC<45、%DLCO<30、または肺高分解能CTにおいて蜂巣肺のみを呈した
(4)	選択基準（4）該当副腎皮質ステロイド薬投与開始日に、膵炎を有した
(5)	選択基準（4）該当副腎皮質ステロイド薬投与開始日に、糖尿病を有した（ただし、その原因が副腎皮質ステロイド薬によると考察され、コントロール良好（HbA1cが6.5%未満）である場合を除く）
(6)	選択基準（4）該当副腎皮質ステロイド薬投与開始日に、血清クレアチニン値が1.5mg/dL以上
(7)	選択基準（4）該当副腎皮質ステロイド薬投与開始日に、肝機能障害（AST(GOT)またはALT(GPT)が測定機関の基準範囲上限の2.5倍以上）を有した（ただし、その原因が筋炎によると考察され、筋逸脱酵素値の上昇も認められる場合を除く）
(8)	選択基準（4）該当副腎皮質ステロイド薬投与開始日に、高カリウム血症（血清カリウム値が測定機関の基準範囲上限を超える）を有した
(9)	選択基準（4）該当副腎皮質ステロイド薬投与開始日に、虚血性心疾患、加療を要To不整脈、心不全の合併およびその既往、加療を要To肺高血圧症を有した
(10)	選択基準（4）該当副腎皮質ステロイド薬投与開始日に、悪性腫瘍の合併およびその既往を有した（ただし、5年以上治療が行われず、再発が認められない症例を除く）
(11)	選択基準（4）該当副腎皮質ステロイド薬投与開始日に、重篤な感染症を有した（抗HIV抗体、HBs抗原または抗HCV抗体陽性患者を含む）
(12)	その他、治験責任医師または治験分担医師が参加を医学的根拠から不適当と判断To","2007-07-20",,,,,,"2010-02-05","介入群
選択基準
(1)	Bohan and Peterによる診断基準において、PMまたはDMの「probable」または「definite」の基準を満たす、またはSontheimerにより提案された定義によりCADMと分類される（ただし発病からの期間は問わない）
(2)	肺高分解能CT（治験薬投与開始前6週（42日）以内に得られたもの）が、以下にあげた特徴的な所見をとり（すべての所見を持つ必要はない）、放射線科医によりIPの診断に合致Toとされる。ただし、肺高分解能CT所見として均等影（コンソリデーション）のみを呈To症例は、既に肺生検によりBOOP以外のIP病理組織型が認められた場合を除いて除外To。
・	両側性で中下肺野を中心とした胸膜直下の陰影分布
・	網状線状影
・	蜂巣肺
・	牽引性気管支炎・細気管支拡張
・	すりガラス陰影
・	均等影（コンソリデーション）
(3)	以下の（ア）を満たし、更に（イ）、（ウ）、（エ）または（オ）の少なくとも一つを満たす（(ア)、(イ)、(ウ)および（エ）は治験薬投与開始前2週（14日）以内に得られた所見より判断To）
1.	血清KL-6値が基準範囲上限を超える
2.	Mahler Baseline Dyspnea Indexの「問2」で「2」以下の労作時呼吸苦の存在
3.	動脈血ガス分析におけるPaCO2上昇を伴わないPaO2の低下（<80mmHg）
4.	呼吸機能検査において%VC<80または%DLCO<65
5.	治験薬投与開始前12週（84日）以内に、以下のいずれかを認める
①	吸機能検査において、%VCまたは%DLCOの1割以上の増悪
②	胸部CTにおける間質性肺炎所見の明らかな増悪（放射線科医による）
(4)	16歳以上満75歳未満（同意取得時）

既存対照群
選択基準
(1)	Bohan and Peterによる診断基準1, 2において、PMまたはDMの「probable」または「definite」の基準を満たす、またはSontheimerにより提案された定義{Sontheimer, 2002 85 /id}によりCADMと分類される（ただし発病からの期間は問わない）
(2)	肺CT（副腎皮質ステロイド薬投与開始前6週（42日）以内に得られたもの）（できる限り肺高分解能CTが望ましい）が、以下にあげた特徴的な所見をとり（すべての所見を持つ必要はない）、放射線科医によりIPの診断に合致Toとされる。ただし、肺CT所見として浸潤影（コンソリデーション）のみを呈To症例は、既に肺生検によりBOOP以外のIP病理組織型が認められた場合を除いて除外To。
・	両側性で中下肺野を中心とした胸膜直下の陰影分布
・	網状線状影
・	蜂巣肺
・	牽引性気管支炎・細気管支拡張
・	すりガラス陰影
・	均等影（コンソリデーション）
(3)	以下の（ア）を満たし、更に（イ）、（ウ）、（エ）または（オ）の少なくとも一つを満たす（(ア)、(イ)、(ウ)および（エ）は下記(4)該当副腎皮質ステロイド薬投与開始前2週（14日）以内に得られた所見より判断To）
1.	血清KL-6値が基準範囲上限を超える
2.	Mahler Baseline Dyspnea Indexの「問2」で「2」以下の労作時呼吸苦の存在
3.	動脈血ガス分析におけるPaCO2上昇を伴わないPaO2の低下（<80mmHg）
4.	呼吸機能検査において%VC<80または%DLCO<65
5.	下記(4)該当副腎皮質ステロイド薬投与開始前12週（84日）以内に、以下のいずれかを認める
①	吸機能検査において、%VCまたは%DLCOの1割以上の増悪
②	胸部CTにおける間質性肺炎所見の明らかな増悪（放射線科医による）
(4)	病歴・経過中、本疾患が(3)を初めて満たした期日以降に、本疾患の治療目的でプレドニゾロン換算で0.6mg/kg/日以上1.0mg/kg/日以下の副腎皮質ステロイド薬が14日以上投与された（ステロイドパルス療法は本基準該当副腎皮質ステロイド薬投与開始後28日目までであれば2回まで施行可） 
(5)	上記(4)該当副腎皮質ステロイド薬投与開始日が2000年1月1日以降で本治験IRB承認までの期間である
(6)	上記(4)該当副腎皮質ステロイド薬投与開始日における年齢が、満16歳以上満75歳未満","郵便番号113-8519 東京都文京区湯島1-5-45","膠原病･リウマチ内科","03-5803-4818","宮坂信之","東京医科歯科大学医学部附属病院","03-5803-4818",,"JMA-IIA00012","JP-01, JP-08, JP-12, JP-13, JP-27, JP-36, JP-42","審査報告書
http://www.pmda.go.jp/drugs/2013/P201300087/800126000_20500AMZ00157000_A100_2.pdf
","死亡","52週間後","複合Endpointである「増悪（”Progression”）」を以下のように定義To。
1.	死亡
または
2.	増悪：以下の①、②、③の全てを満たす症例、または①を満たさないが②および③を満たし「IPの増悪」の判断のもと併用禁止薬注）が使用された症例でEndpoint評価委員会が①と同等以上の増悪であると判定To場合
①	次のいずれかまたは両方を満たす
a.	%FVCにおいての治験薬投与開始前","52週間後","生存率","無増悪生存率","20","2007-05-29",,,,,,"22001","24001",,,,,"15003","11","19002",,,"2007-07-05","0000-00-00 00:00:00"
"13002","≦80","14001","≧16","14001",,"1","09001","〒951-8520　新潟市旭町通1番町754番地",,"smaru@dent.niigata-u.ac.jp","025-227-0377","丸山 精一、田澤立之","新潟大学医歯学総合病院生命科学医療センター","025-227-2022",,,,,"08006","JPN",,,,,,,,,,,,,,,,,,,,,,,,,"2017-09-21 16:28:55","9施設共同オープン試験","125",,,,,,,,,,"治療期間1-12週：8日間吸入（125 mcg, 1日2回）＋6日間休薬を1クールとして6クール
治療期間13-24週：4日間吸入（125 mcg, 1日1回）＋10日間休薬を1クールとして6クール",,,,,,,,,,"mcg",,,,,,,"21001","1）白血球数12000/mm3 以上の症例
2）気管支喘息の合併症のある症例
3）38℃以上の発熱を有To症例
4）Grade２（CTCAE）以上の浮腫を有To症例
5）骨髄系悪性疾患
6）うっ血性心不全（NYHA Ⅲ～Ⅳ度）、狭心症、出血傾向、原発性肺癌、転移性肺癌の合併症を有し治療評価困難と判定される場合。
7）他のサイトカイン療法を受けている患者
8）妊娠中または授乳中で、妊娠している可能性、かつ治験期間中に妊娠をhopeTo女性。
9）治療開始日よりさかのぼって６ヶ月以内に全肺洗浄、あるいは反復区域洗浄療法を受けた患者。ただし、治療開始日よりさかのぼって、洗浄日が６ヶ月以上経過すれば、この除外項目は適応されない。
10）胸部Ｘ線写真、あるいは胸部ＨＲＣＴ上肺線維化honey combing、あるいは気腫化を示す所見のある症例（登録前６ケ月以内の撮影）。
11）責任医師または分担医師が、本臨床試験の被験者として不適当と判断した症例（例えば、治療を完遂Toことが困難と考えられるような症例や、非協力的な患者）。
12）重篤な薬物アレルギーの既往歴ある症例",,,,,,,,"１）年齢16歳以上80歳以下（登録日を基準）の患者．genderは問わない。
年齢16～20歳未満は代諾者の署 nameを必要とTo。
２）文書により本人・代諾者の同意を得られるもの。
３）短期間の入院が可能な症例。
４）特発性（原発性）肺胞蛋白症:下記の AあるいはBを満たし、かつ血清抗GM-CSF自己抗体価が、3 μｇ/ml以上で陽性である患者。
A: 経気管支肺生検ないし外科的肺生検（胸腔鏡下肺生検等）で典型的病理所見（PAS陽性蛋白Mr.物質の肺胞内貯留）
B: 気管支肺胞洗浄液で典型的所見（白濁、蛋白Mr.物質、マクロファージ減少）
５）安静時Room Air でPao2<75　mmHgの症例。
６）肺胞蛋白症であることが診断されていること。
７）３ヶ月以上生存できること。
８）抗GM-CSF自己抗体の検出があること（検査済み）。","〒951-8520 新潟市旭町通1番町754番地","センター長・教授","025-227-0377","中田 光","新潟大学医歯学総合病院生命科学医療センター","025-227-0847",,"JMA-IIA00013",,"【副次評価項目】
評価時期：
1. 治療直前、その後4週間ごと
2. 治療直前、24週後、維持治療24週後
3. 治療直前、12、24週後、維持治療24週後
4. 治療直前、12、24週後

【一般問合せ先】
E-mailアドレス（2）：kanekochinatsu@bmrc.jp ","動脈血酸素分圧較差（A-aDo2）","治療24週後","1.　治療開始時のA-aDo2 +10 mmHg以上
2.　「スリガラスMr.陰影（crazy paving像含む）」の占める割合
","「その他の関連情報」の欄に記載","治療前に対To治療24週後の肺胞動脈血酸素分圧較差の改善。","1.　治療開始時のA-aDo2 +10 mmHg以上を維持した期間（奏効期間）
2.　HRCT画像の変化（治療前後）
3.　%VCおよび%DLcoの変化（治療前後）
4.　血清マーカー（CEA、 KL-6、 SP-A、SP-D、 LDH）の変化（治療前後）","40",,,"13002",,,,"22001","24008",,,,,"15003","9","19002","2012-02-28",,"2005-04-01","0000-00-00 00:00:00"
"13002",,,"≧1","14001",,"1","09001","〒420-8688 静岡県静岡市葵区漆山886番地",,,"054-247-9781","井上　有史／高橋　幸利","国立病院機構静岡てんかん神経医療センター","054-245-5446",,,,,"08006","JPN",,,,,,,,,,,,,,,,,,,,,,,,,"2017-09-21 16:28:55","多施設共同、Add to投与（非盲検非対照）試験",,,,,,"18003",,,,,"50 mg/kg（体重20 kg以上は1000 mg）より開始。維持（継続）投与期には100 mg/kg（最高4.0 g）まで段階的に増量可能とTo。",,,,,"50 - 100",,,,,"50mg/kg/day",,,,,,,"21001","1. 肝疾患あるいはGOT、GPTが基準値上限の3倍以上を示す患者。
2. 腎疾患あるいはCrが1.5 mg/dlを越える値を示す患者。
3. WBC数2500未満、血小板が10.0 × 10^4 /mcL未満を示す患児。ただし医学的判断により許容範囲内である患者は除く。
4. 薬物過敏症の既往のある患者。
5. 併用禁止薬を服用している患者。
6. 妊娠中の女性。
7. 他の治験薬または未承認薬を服用中の患者。
8. その他、研究者が不適当と認めた患者。","2007-10-01","1日2回ないし3回",,,,,"2012-11-30","1. 対象疾患：臨床・脳波的に乳児重症ミオクロニーてんかんの診断基準（国際分類1989年）を満たす患者。ただしその辺縁群を含む。
2. 年齢：1歳以上（同意取得時点）
3. 入院・外来：不問
4. gender：不問
5. 発作頻度：
・保護者により「けいれん発作」（全身性、片側性；強直間代、間代発作）頻度を確実に把握でき、おおよその持続時間を含めて記録できること
・上記の「けいれん発作」がstiripentol開始前4週間に4回以上あること
6. 他の抗てんかん薬を継続服用していること（3剤以内：頓用薬はカウントしない）。
7. Stiripentol開始前4週間における併用抗てんかん薬の種類および用量が Changeされていないこと。
8. 代諾者より文書による同意が得られること。
9. 遺伝子変異（SCN1A等）の有無は不問。ただし検査をしておくことが望ましい。","〒420-8688 静岡県静岡市葵区漆山886番地",,"054-247-9781","井上　有史","国立病院機構静岡てんかん神経医療センター","054-245-5446","2007-07-19","JMA-IIA00014",,"【副次評価項目】 Key Secondary Outcome(s) 
[評価時期]
有効性：stiripentolを漸増（あるいは漸減）後、用量固定した4週間（後期比較評価期：Y週からY+4週）
安全性：1）試験期間中から終了後12週まで。2）-4週、X週、X+4週、Y+4週、中止決定時、終了後12週以内。3）-4週。","けいれん発作頻度の観察期に比した減少率（25%単位）：50%以上をresponderとTo。","投与開始4週目以降で併用薬の用量を固定した4週間（初期比較評価期：X週からX+4週）","有効性：けいれん発作頻度の観察期に比した減少率（25%単位）：50%以上をresponderとTo。","「その他の関連情報」を参照。","投与前と比較したstiripentol開始初期における発作減少率、および発作の持続を含めた改善度の評価","有効性：投与前と比較したstiripentol維持用量期における発作減少率、および発作の持続を含めた改善度の評価
安全性：1）有害事象の発現とその消長。2）臨床検査値（血液・生化学検査）。3）CYPの測定。","10","2007-09-18",,"13002",,,,"22001","24001",,,,,"15003",,,"2012-11-30",,"2007-10-01","0000-00-00 00:00:00"
"13001","<20","14001","≧6","14002","2009-04","2","09001","〒113-8621　東京都文京区本駒込2-28-8　文京グリーンコート17階","治験調整医師事務局/社団法人日本医師会 治験促進センター内","KIB-PIA_p@jmacct.med.or.jp","03-5319-3790",,"独立行政法人国立病院機構三重病院","03-5319-3781","H5N1インフルエンザワクチン",,,,"08005","JPN","12017",,,"18017",,,"0.25mL又は0.5mLを3週間+-7日間の間隔をおいて2回接種",,,"0.1mL / 0.25 mL / 0.5 mL",,,,,,,,,"24049",,,"3週間±7日間",,,"2017-09-21 16:28:55","非盲検無作為割付試験",,,,,,"18017",,,,,"0.25mL又は0.5mLを3週間+-7日間の間隔をおいて2回接種",,,,,"0.1mL / 0.25 mL / 0.5 mL",,,,,,,,,,"2009-03",,"21001","【除外基準】
明らかにH5型インフルエンザの既往のある者（被験者又は代諾者からの聴取による）
H5型インフルエンザワクチンの接種歴のある者（被験者又は代諾者からの聴取による）
食物や医薬品等によって、過去にアナフィラキシーを呈したことがあることが明らかな者
重篤な心臓・血管系、血液系、呼吸器系、肝臓、腎臓、消化器系、神経精神疾患の現病歴のある者
過去にギラン・バレー症候群や急性散在性脳脊髄炎の既往のある者
本治験開始前4ヶ月以内（接種日より計算）に、他の治験に参加し投与を受けた者
本治験開始前27日以内に生ワクチン、又は6日以内（以上、接種日より計算）に不活化ワクチン・トキソイドの投与を受けた者
治験期間中に他のワクチンの投与を受ける予定のある者
本治験開始前3ヶ月以内に輸血又はガンマグロブリン製剤の投与を受けた者、又は6ヶ月以内（以上、接種日より計算）にガンマグロブリン製剤の大量療法（200 mg/kg以上）を受けた者
妊娠中の女性あるいは妊娠の疑いのある女性
その他、治験責任／分担医師が本治験の被験者として不適当と判断した者

【接種要注意者（接種の判断を行うに際し、注意を要To者）】
心臓血管系疾患、腎臓疾患、肝臓疾患、血液疾患、発育障害等の基礎疾患を有To者
これまでの予防接種で接種後2日以内に発熱のみられた者及び全身性発疹等のアレルギーを疑う症状を呈したことがある者
過去にけいれんの既往のある者
過去に免疫不全の診断がなされている者及び近親者に先天性免疫不全症の者がいる者
気管支喘息のある者
治験薬の成分又は鶏卵、鶏肉、その他鶏由来のもの、ゲンタマイシン、カナマイシンに対して、アレルギーを呈Toおそれのある者","2008-04-14",,,,,,"2009-02","1回目治験薬接種時の年齢が6ヶ月以上、20歳未満の日本人健康小児
代諾者から文書による同意が得られる者
被験者及び代諾者が治験参加中の遵守事項を守り、本治験実施計画書に定められた診察を受け、症状などの申告ができる者","〒514-0125　三重県津市大里窪田町357番地"," name誉院長","059-232-5994","神谷　齊","独立行政法人国立病院機構三重病院","059-232-2531","2008-02-22","JMA-IIA00015",,,,"1. 免疫原性評価項目
1) 接種後3週間+-7日間
2) 接種後3週間+-7日間
2. 安全性評価項目
治験薬1回目接種（Day 0）後から事後観察日まで",,,"1. 免疫原性評価項目
1) H5N1型インフルエンザウイルスに対To中和抗体価
2) H5抗原に対ToHI抗体価（ウマ血球）

2. 安全性評価項目
治験薬1回目接種（Day 0）後から事後観察日までに発現した有害事象及び副反応の種類、程度、持続期間及び発現割合を検討To。",,"175","2008-03-28",,"13001",,"13002","10001","22001","24048",,,,,"15003","9","19003","2009-05",,"2008-04-14","0000-00-00 00:00:00"
"13001","<20","14001","≧6","14002","2009-04","2","09001","〒113-8621　東京都文京区本駒込2-28-8　文京グリーンコート17階","治験調整医師事務局/社団法人日本医師会 治験促進センター内","BK-PIFA_p@jmacct.med.or.jp","03-5319-3790",,"独立行政法人国立病院機構三重病院","03-5319-3781","H5N1インフルエンザワクチン",,,,"08005","JPN","12017",,,"18017",,,"0.25mL又は0.5mLを3週間+-7日間の間隔をおいて2回接種",,,"0.1mL / 0.25 mL / 0.5 mL",,,,,,,,,"24049",,,"3週間±7日間",,,"2017-09-21 16:28:55","非盲検無作為割付試験",,,,,,"18017",,,,,"0.25mL又は0.5mLを3週間+-7日間の間隔をおいて2回接種",,,,,"0.1mL / 0.25 mL / 0.5 mL",,,,,,,,,,"2009-02",,"21001","【除外基準】
明らかにH5型インフルエンザの既往のある者（被験者又は代諾者からの聴取による）
H5型インフルエンザワクチンの接種歴のある者（被験者又は代諾者からの聴取による）
食物や医薬品等によって、過去にアナフィラキシーを呈したことがあることが明らかな者
重篤な心臓・血管系、血液系、呼吸器系、肝臓、腎臓、消化器系、神経精神疾患の現病歴のある者
過去にギラン・バレー症候群や急性散在性脳脊髄炎の既往のある者
本治験開始前4ヶ月以内（接種日より計算）に、他の治験に参加し投与を受けた者
本治験開始前27日以内に生ワクチン、又は6日以内（以上、接種日より計算）に不活化ワクチン・トキソイドの投与を受けた者
治験期間中に他のワクチンの投与を受ける予定のある者
本治験開始前3ヶ月以内に輸血又はガンマグロブリン製剤の投与を受けた者、又は6ヶ月以内（以上、接種日より計算）にガンマグロブリン製剤の大量療法（200 mg/kg以上）を受けた者
妊娠中の女性あるいは妊娠の疑いのある女性
その他、治験責任／分担医師が本治験の被験者として不適当と判断した者

【接種要注意者（接種の判断を行うに際し、注意を要To者）】
心臓血管系疾患、腎臓疾患、肝臓疾患、血液疾患、発育障害等の基礎疾患を有To者
これまでの予防接種で接種後2日以内に発熱のみられた者及び全身性発疹等のアレルギーを疑う症状を呈したことがある者
過去にけいれんの既往のある者
過去に免疫不全の診断がなされている者及び近親者に先天性免疫不全症の者がいる者
気管支喘息のある者
治験薬の成分又は鶏卵、鶏肉、その他鶏由来のもの、ゲンタマイシン、カナマイシンに対して、アレルギーを呈Toおそれのある者","2008-04-14",,,,,,"2009-02","【選択基準】
1回目治験薬接種時の年齢が6ヶ月以上、20歳未満の日本人健康小児
代諾者から文書による同意が得られる者
被験者及び代諾者が治験参加中の遵守事項を守り、本治験実施計画書に定められた診察を受け、症状などの申告ができる者","〒514-0125　三重県津市大里窪田町357番地"," name誉院長","059-232-5994","神谷　齊","独立行政法人国立病院機構三重病院","059-232-2531","2008-02-22","JMA-IIA00016",,,,"1. 免疫原性評価項目
1) 接種後3週間+-7日間
2) 接種後3週間+-7日間
2. 安全性評価項目
治験薬1回目接種（Day 0）後から事後観察日まで",,,"1. 免疫原性評価項目
1) H5N1型インフルエンザウイルスに対To中和抗体価
2) H5抗原に対ToHI抗体価（ウマ血球）

2. 安全性評価項目
治験薬1回目接種（Day 0）後から事後観察日までに発現した有害事象及び副反応の種類、程度、持続期間及び発現割合を検討To。",,"175","2008-03-28",,"13001",,"13002","10001","22001","24048",,,,,"15003","9","19003","2009-05",,"2008-04-14","0000-00-00 00:00:00"
"13001","<65","14001","≧20","14001","2009-05","2","09001","〒113-8621　東京都文京区本駒込2-28-8　文京グリーンコート17階","試験調整機関/社団法人日本医師会 治験促進センター内","fluflu@jmacct.med.or.jp","03-5319-3790",,"独立行政法人国立病院機構三重病院","03-5319-3781",,,,,"08006","JPN",,,,,,,,,,,,,,,,,,,,,,,,,"2017-09-21 16:28:55","非盲検試験","0.5","0.5",,,,,,,,,"試験薬0.5 mLを上腕三角筋に、3週間±7日間の間隔をおいて2回筋肉内接種To。","試験薬0.5 mLを上腕三角筋に、3週間±7日間の間隔をおいて2回筋肉内接種To。",,,,,,,,,"mL","mL",,,,"2009-04",,"21001","【除外基準】
1)	明らかにH5型インフルエンザの既往のある者（被験者からの聴取による）
2)	H5型インフルエンザワクチンの接種歴のある者（被験者からの聴取による）
3)	食物や医薬品等によって、過去にアナフィラキシーを呈したことがあることが明らかな者
4)	重篤な心臓・血管系、血液系、呼吸器系、肝臓、腎臓、消化器系、神経精神疾患の現病歴のある者
5)	過去にギラン・バレー症候群や急性散在性脳脊髄炎の既往のある者
6)	本試験開始前4ヶ月以内（接種日より計算）に、治験に参加し投与を受けた者
7)	本試験開始前27日以内に生ワクチン、または6日以内（以上、接種日より計算）に不活化ワクチン・トキソイドの投与を受けた者
8)	本試験開始前3ヶ月以内に輸血又はガンマグロブリン製剤の投与を受けた者、または6ヶ月以内（以上、接種日より計算）にガンマグロブリン製剤の大量療法（200 mg/kg以上）を受けた者
9)	妊娠中の女性あるいは妊娠の疑いのある女性
10)	その他、研究者が本試験の被験者として不適当と判断した者

【接種要注意者（接種の判断を行うに際し、注意を要To者】
1) 本試験薬の成分*又は鶏卵、鶏肉、その他鶏由来のものに対してアレルギーを呈Toおそれのある者
*試験薬として、沈降新型インフルエンザワクチンH5N1「北研」は、ゲンタマイシン、カナマイシン、沈降新型インフルエンザワクチンH5N1「ビケン」は、セフメタゾールナトリウム、ピペラシリンナトリウム、ゲンタマイシン硫酸塩、ミノサイクリン塩酸塩
2) 心臓血管系疾患、腎臓疾患、肝臓疾患、血液疾患、発育障害等の基礎疾患を有To者
3) 予防接種で接種後2日以内に発熱のみられた者及び全身性発疹等のアレルギーを疑う症状を呈したことがある者
4) 過去にけいれんの既往のある者
5) 過去に免疫不全の診断がなされている者及び近親者に先天性免疫不全症の者がいる者
6) 気管支喘息のある者
上記に掲げる者のほか、本試験薬接種を行うに際し、注意を要To状態にある者","2008-08",,,,,,"2009-03","以下の選択基準をすべて満たし、かつ除外基準のいずれにも該当しない日本人健康成人志願者を対象とTo。

【選択基準】
1) 同意取得時の年齢が20歳以上、65歳未満の日本人健康成人
2) 文書による同意が得られ、試験参加中の遵守事項を守り、本試験計画書に定められた診察を受け、症状などの申告ができる者","〒514-0125　三重県津市大里窪田町357番地","院長","059-232-5994","庵原俊昭","独立行政法人国立病院機構三重病院","059-232-2531","2008-07","JMA-IIA00017",,"【試験スケジュール】 
1例目組入れ日（予定日）：2008年8月 
試験終了日（予定日）：2009年4月",,"1. 免疫原性評価項目 
1) 接種後3週間±7日、1回目接種日から180±7日後
2) 接種後3週間±7日、1回目接種日から180±7日後
2. 安全性評価項目 
治験薬1回目接種（Day 0）後から事後観察日まで
",,,"1. 免疫原性評価項目
1) H5N1型インフルエンザウイルスに対To中和抗体価
2) H5抗原に対ToHI抗体価
2. 安全性評価項目
試験薬1回目接種（Day 0）後からVisit③（事後観察）までに発現した有害事象及び副反応の種類、程度、持続期間及び発現率を検討To。",,"200","2008-06-05",,"13002",,,,,"24048","24048",,,,"15003","7","19003","2009-06",,"2008-08","0000-00-00 00:00:00"
"13001",,,"≧20","14001","2009-01","2","09001","〒113-8621　東京都文京区本駒込2-28-8　文京グリーンコート17階","試験調整機関/社団法人日本医師会 治験促進センター内","fluflu@jmacct.med.or.jp","03-5319-3790",,"独立行政法人国立病院機構三重病院","03-5319-3781",,,,,"08006","JPN",,,,,,,,,,,,,,,,,,,,,,,,,"2017-09-21 16:28:55","非盲検試験
","0.5","0.5",,,,"18001","18001",,,,,,,,,,,,,,"mL","mL",,,,"2008-11",,"21001","1)明らかにH5型インフルエンザの既往のある者（被験者からの聴取による）
2)食物や医薬品等によって、過去にアナフィラキシーを呈したことがあることが明らかな者
3)重篤な心臓・血管系、血液系、呼吸器系、肝臓、腎臓、消化器系、神経精神疾患の現病歴のある者
4)過去にギラン・バレー症候群や急性散在性脳脊髄炎の既往のある者
5)本試験開始前4ヶ月以内（接種日より計算）に、治験に参加し投与を受けた者
6)本試験開始前27日以内に生ワクチン、または6日以内（以上、接種日より計算）に不活化ワクチン・トキソイドの投与を受けた者
7)本試験開始前3ヶ月以内に輸血又はガンマグロブリン製剤の投与を受けた者、または6ヶ月以内（以上、接種日より計算）にガンマグロブリン製剤の大量療法（200 mg/kg以上）を受けた者
8)妊娠中の女性あるいは妊娠の疑いのある女性
9)その他、研究者が本試験の被験者として不適当と判断した者

【接種要注意者（接種の判断を行うに際し、注意を要To者】
1)本試験薬の成分*又は鶏卵、鶏肉、その他鶏由来のものに対してアレルギーを呈Toおそれのある者
*試験薬として、沈降新型インフルエンザワクチンH5N1「北研」は、ゲンタマイシン、カナマイシン、沈降新型インフルエンザワクチンH5N1「ビケン」は、セフメタゾールナトリウム、ピペラシリンナトリウム、ゲンタマイシン硫酸塩、ミノサイクリン塩酸塩
2)心臓血管系疾患、腎臓疾患、肝臓疾患、血液疾患、発育障害等の基礎疾患を有To者
3)予防接種で接種後2日以内に発熱のみられた者及び全身性発疹等のアレルギーを疑う症状を呈したことがある者
4)過去にけいれんの既往のある者
5)過去に免疫不全の診断がなされている者及び近親者に先天性免疫不全症の者がいる者
6)気管支喘息のある者
7)上記に掲げる者のほか、本試験薬接種を行うに際し、注意を要To状態にある者
","2008-08",,,,,,"2008-10","以下の選択基準をすべて満たし、かつ除外基準のいずれにも該当しない健康成人志願者を対象とTo。

【選択基準】
1)沈降新型インフルエンザワクチンの治験（治験実施計画書番号KIB-PIA02又はBK-PIFA/002）に参加し、治験薬（ベトナム株）の接種を受けた者
2)文書による同意が得られ、試験参加中の遵守事項を守り、本試験計画書に定められた診察を受け、症状などの申告ができる者","〒514-0125　三重県津市大里窪田町357番地","院長","059-232-5994","庵原俊昭","独立行政法人国立病院機構三重病院","059-232-2531","2008-06","JMA-IIA00018",,,,"1. 免疫原性評価項目 
1) 接種後3週間±7日間 
2) 接種後3週間±7日間 
2. 安全性評価項目 
治験薬1回目接種（Day 0）後から事後観察日まで",,,"1. 免疫原性評価項目
1) H5N1型インフルエンザウイルスに対To中和抗体価
2) H5抗原に対ToHI抗体価
2. 安全性評価項目
試験薬接種（Day 0）後からVisit③（事後観察）までに発現した有害事象及び副反応の種類、程度、持続期間及び発現率を検討To。",,"200","2008-06-05",,"13002",,,,,"24048","24048",,,,"15003","10","19003","2009-02",,"2008-08","0000-00-00 00:00:00"
"13001",,,"≧20","14001","2009-03-31","2","09001","〒152-8621　東京都目黒区東が丘2-5-21","医療部研究課",,"03-5712-5084","伊藤澄信","独立行政法人国立病院機構本部","03-5712-5075",,,,,"08006","JPN",,,,,,,,,,,,,,,,,,,,,,,,,"2017-09-21 16:28:55","非盲検試験","0.5","0.5",,,,,,,,,"安徽株15μgを3週間±7日間の間隔で2回筋肉内接種To。","インドネシア株15μgを3週間±7日間の間隔で2回筋肉内接種To。",,,,,,,,,"mL","mL",,,,"2009-03-31",,"21001","1)明らかにH5型インフルエンザの既往のある者（臨床研究対象者からの聴取による）
2)H5型インフルエンザワクチンの接種歴のある者（臨床研究対象者からの聴取による）
3)食物や医薬品等によって、過去にアナフィラキシーを呈したことがあることが明らかな者
4)重篤な心臓・血管系、血液系、呼吸器系、肝臓、腎臓、消化器系、神経精神疾患の現病歴のある者
5)過去にギラン・バレー症候群や急性散在性脳脊髄炎の既往のある者
6)本臨床研究開始前4ヶ月以内（接種日より計算）に、治験や他の臨床研究などに参加し治験薬・試験薬の投与を受けた者
7)本臨床研究開始前27日以内に生ワクチン、又は6日以内（以上、接種日より計算）に不活化ワクチン・トキソイドの投与を受けた者
8)本臨床研究期間中に他のワクチンの投与を受ける予定のある者
9)本臨床研究開始前3ヶ月以内に輸血又はガンマグロブリン製剤の投与を受けた者、又は6ヶ月以内（以上、接種日より計算）にガンマグロブリン製剤の大量療法（200 mg/kg以上）を受けた者
10)妊娠中の女性あるいは妊娠の疑いのある女性
11)その他、臨床研究責任／分担医師が本臨床研究の対象者として不適当と判断した者

【接種要注意者（接種の判断を行うに際し、注意を要To者）】
1)本ワクチンの成分＊又は鶏卵、鶏肉、その他鶏由来のものに対してアレルギーを呈Toおそれのある者
　　＊ワクチンとして、沈降新型インフルエンザワクチンH5N1「北研」は、ゲンタマイシン、
　　カナマイシン、沈降新型インフルエンザワクチンH5N1「ビケン」は、セフメタゾールナト
　　リウム、ピペラシリンナトリウム、ゲンタマイシン硫酸塩、ミノサイクリン塩酸塩
2)心臓血管系疾患、腎臓疾患、肝臓疾患、血液疾患、発育障害等の基礎疾患を有To者
3)これまでの予防接種で接種後2日以内に発熱のみられた者及び全身性発疹等のアレルギーを疑う症状を呈したことがある者
4)過去にけいれんの既往のある者
5)過去に免疫不全の診断がなされている者及び近親者に先天性免疫不全症の者がいる者
6)気管支喘息のある者
上記に掲げる者にほか、本臨床研究のワクチン接種を行うに際し、注意を要To状態にある者","2008-08-04",,,,,,"2009-03-31","以下の選択基準をすべて満たし、かつ除外基準のいずれにも該当しない検疫所、動物検疫所、植物検疫所、地方入国管理局、空港警察署、国立感染症研究所、実施医療機関等に勤務To職員を対象とTo。
【選択基準】
1)同意取得時の年齢が20歳以上の日本人健康成人
2)文書による同意が得られる者
3)臨床研究参加中の遵守事項を守り、本臨床研究計画書に定められた診察を受け、症状などの申告ができる者
","〒152-8621　東京都目黒区東が丘2-5-21","本部医療部研究課","03-5712-5084","伊藤澄信","独立行政法人国立病院機構","03-5712-5075","2008-07-04","JMA-IIA00019",,,,"治験薬1回目接種（Day 0）後から事後観察日まで",,"新型インフルエンザがパンデミックとなった後","安全性評価項目:
ワクチン接種回1目から事後観察日までに発現した有害事象及び副反応の種類、程度、持続期間及び発現率","新型インフルエンザパンデミック後に新型インルフエンザMr.症状が発現したかを郵便・電話などでconfirmationTo。","6000","2008-07-22",,,,,,"22001","24048","24048",,,,"15003",,"19003","2008-12",,"2008-08-04","0000-00-00 00:00:00"
